,ALA,ARG,ASN,ASP,C1J,CYS,GLN,GLU,GLY,HIS,ILE,LEU,LYS,MET,PHE,PRO,PTR,SEP,SER,THR,TRP,TYR,VAL
ALA,8.134850795885642,5.002151042277758,4.208220892486996,5.291564003285228,0.01564394383824162,1.2867143806953731,4.098713285619305,4.73229301106809,4.302084555516446,1.9437600219015214,6.460948805193789,11.596073370096601,4.755758926825453,1.8498963588720718,5.279831045406547,4.654073291876882,0.04302084555516446,0.04302084555516446,6.5235245805467565,5.553600062575775,2.0337126989714105,5.471469357425007,6.7190738785247754
ARG,7.902378745752239,4.967562557924004,4.850169910410875,6.827309236947792,0.02471424158171146,1.1677479147358667,3.9789928946555455,6.4071671300586965,4.219956750077232,2.069817732468335,5.844918134074761,10.305838739573678,4.658634538152611,1.6867469879518073,4.405313561940067,4.442384924312635,0.03707136237256719,0.09885696632684585,6.438059932035836,5.159097930182267,2.255174544331171,5.35681186283596,6.895273401297497
ASN,6.601632001963311,4.816246395484385,5.595435302779311,5.669059451500092,0.018406037180195105,0.9632492790968771,4.080004908276582,4.767163629670532,5.129149027547703,2.1228296214491684,6.564819927602921,9.252101355911407,5.491134425424873,1.914227866740291,4.846923124118044,5.190502484815019,0.0,0.04294742008712191,6.509601816062335,5.313209399349653,1.9878520154610713,5.859255169028775,7.264249340450335
ASP,7.506657789613848,6.130714602751886,5.126498002663116,4.60497114957834,0.022192632046160673,1.2871726586773191,3.8282290279627165,5.043275632490013,4.305370616955171,2.0805592543275635,5.415002219263205,9.83688415446072,6.102973812694185,1.9252108300044386,4.671549045716822,4.510652463382157,0.0,0.09431868619618286,6.835330670217488,5.842210386151798,1.9252108300044386,5.559254327563249,7.345761207279184
C1J,4.545454545454546,4.545454545454546,3.4090909090909087,4.545454545454546,0.0,0.0,11.363636363636363,4.545454545454546,9.090909090909092,0.0,2.272727272727273,7.954545454545454,4.545454545454546,0.0,3.4090909090909087,6.8181818181818175,0.0,0.0,5.681818181818182,11.363636363636363,2.272727272727273,6.8181818181818175,6.8181818181818175
CYS,6.754259905563539,3.8801067542599057,3.223157462533361,4.76288236501745,0.0,3.4079244508314517,4.188051734756724,3.695339765961815,4.516526380619996,2.935742147402997,5.5840689796756315,10.244303017860808,4.208581400123178,2.4225005132416344,6.07678094847054,3.8390474235269965,0.0,0.04105933073290905,7.739683843153357,5.625128310408541,2.5046191747074524,6.590022582631903,7.760213508519811
GLN,7.582664061934737,4.659576007524781,4.811518703422328,4.992402865205123,0.07235366471311772,1.4760147601476015,4.109688155705086,4.956226032848564,4.768106504594457,2.568555097315679,6.265827364155994,10.824108241082412,5.361406555242023,2.119962376094349,5.050285796975617,3.8564503292091747,0.0,0.014470732942623545,6.815715215975689,5.448230952897765,2.373200202590261,5.39034802112727,6.482888358295348
GLU,6.9309199220987505,5.939970214228434,4.450681635926223,5.206781991064268,0.02291213197388017,1.0310459388246076,3.9237026005269793,6.002978577156604,4.450681635926223,2.8812005957154314,5.41871921182266,9.938137243670523,6.472677282621148,2.142284339557796,5.149501661129568,4.891740176423416,0.0,0.07446442891511056,6.323748424790927,5.160957727116508,2.285485164394547,5.149501661129568,6.151907434986825
GLY,6.705272782688204,4.1633648277964035,5.096007314843036,4.730265163060043,0.0487656202377324,1.341054556537641,4.017067967083206,4.736360865589759,5.047241694605304,2.182261505638525,6.705272782688204,9.679975617189882,4.553489789698262,1.6336482779640356,5.717768972874124,5.284974093264249,0.0365742151782993,0.0975312404754648,7.552575434318805,5.72386467540384,2.285888448643706,5.2605912831453825,7.4001828710758915
HIS,6.44199611147116,4.342190537913156,4.484769928710305,4.860661049902787,0.0,1.8535320803629292,4.601425793907971,6.519766688269605,4.640311082307194,3.0589760207388204,4.769928710304602,9.773169151004536,4.834737524303305,2.8386260531432272,5.4439403758911205,5.132858068697343,0.012961762799740767,0.03888528839922229,7.232663642255346,5.09397278029812,2.3979261179520415,5.729099157485418,5.897602073882048
ILE,7.570688786031804,4.3352733605242655,4.903533293616241,4.472755602401357,0.009165482791806057,1.246505659685624,3.968654048852023,4.3352733605242655,5.041015535493332,1.6864488336923147,7.222400439943175,11.699738783740434,4.028229686998762,2.043902662572751,5.824664314192749,4.77979927592686,0.01374822418770909,0.0320791897713212,6.594564868704459,5.082260208056459,2.0072407314055267,5.041015535493332,8.061042115393429
LEU,8.03849803443134,4.522163481089874,4.088382811440965,4.80683204554697,0.01897790429713976,1.3528534634675342,4.055849261217297,4.703809136505354,4.30527314626542,2.0441914057204826,6.9215128100854,10.660159956621932,4.340517825674393,2.057747051647011,5.8072387149247655,4.392029280195201,0.008133387555917039,0.024400162667751118,6.650399891554833,5.3788803036464685,2.1607699606886266,5.693371289141927,7.968008675613393
LYS,7.166008603924805,4.443396782367847,5.274323766868997,6.482409098945135,0.023572396723436854,1.2080853320761389,4.3667864930166775,6.659202074370911,4.4021450881018325,2.1981259944604865,5.180034179975249,9.434851788555601,5.669161411986564,1.8916848370558077,4.685013848783075,4.726265543049089,0.0,0.02946549590429607,6.158288643997879,4.961989510283458,2.4338499616948552,5.8518474865932,6.7534916612646585
MET,6.785253191794577,3.9162243580547984,4.475684980634055,4.977765026538517,0.0,1.6927270119064697,4.203127241428777,5.365083919093387,3.8444986372113044,3.1415865729450583,6.397934299239708,10.887964424042462,4.604791278152345,3.414144312150337,5.781093099985655,3.5289054654999283,0.043035432506096684,0.043035432506096684,6.383589155071008,4.920384449863721,1.907904174436953,5.83847367666045,7.8467938602782965
PHE,7.260016133369184,3.8343640763646145,4.2484538854530784,4.528098951331002,0.016133369185264857,1.5918257596127992,3.7536972304382896,4.834632965851035,5.044366765259478,2.25867168593708,6.835170744823878,11.519225598279109,4.275342834095187,2.167249260553912,5.937079860177467,5.038988975531057,0.016133369185264857,0.032266738370529714,6.663081473514386,5.501478892175316,2.1457381016402257,5.2863673030384515,7.21161602581339
PRO,7.130872483221476,4.308485139022052,5.069511025886865,4.87176414189837,0.03595397890699904,1.1205656759348033,3.193911792905082,5.117449664429531,5.1953499520613615,2.372962607861937,6.25,9.707574304889741,4.8058485139022045,1.4741131351869607,5.614813039309683,6.363854266538831,0.0,0.01797698945349952,7.640220517737297,5.063518696069032,2.552732502396932,5.207334611697028,6.885186960690317
PTR,23.404255319148938,12.76595744680851,0.0,0.0,0.0,0.0,0.0,0.0,12.76595744680851,2.127659574468085,6.382978723404255,6.382978723404255,0.0,6.382978723404255,6.382978723404255,0.0,0.0,6.382978723404255,6.382978723404255,0.0,0.0,0.0,10.638297872340425
SEP,6.962025316455696,10.126582278481013,4.430379746835443,10.759493670886076,0.0,1.2658227848101267,1.2658227848101267,8.227848101265822,10.126582278481013,1.89873417721519,4.430379746835443,5.69620253164557,3.1645569620253164,1.89873417721519,3.79746835443038,1.89873417721519,1.89873417721519,0.0,5.063291139240507,1.89873417721519,0.6329113924050633,6.329113924050633,8.227848101265822
SER,6.91542288557214,4.320066334991708,4.398839137645108,5.107794361525705,0.020729684908789386,1.56301824212272,3.90547263681592,4.577114427860696,5.13681592039801,2.3134328358208953,5.966003316749585,10.169983416252073,4.332504145936982,1.8449419568822554,5.13681592039801,5.286069651741294,0.01243781094527363,0.03316749585406302,8.548922056384743,5.8126036484245445,2.197346600331675,5.132669983416252,7.267827529021559
THR,7.495381367115334,4.407495381367115,4.571126946423858,5.558194774346793,0.052784375824755876,1.4462918975983108,3.974663499604117,4.755872261810504,4.956452889944576,2.0744259699129057,5.853787278965426,10.472420163631565,4.444444444444445,1.8105040907891266,5.399841646872526,4.460279757191872,0.0,0.015835312747426764,7.400369490630773,5.183425705991026,2.20110847189232,5.647928213248878,7.817366059646344
TRP,6.70621614650503,4.707247872066031,4.178488522053134,4.475109620840857,0.025793139025019347,1.57338148052618,4.230074800103172,5.145731235491359,4.836213567191127,2.3858653598142894,5.648697446479237,10.278565901470209,5.326283208666495,1.7152437451637865,5.145731235491359,5.493938612329121,0.0,0.012896569512509674,6.835181841630127,5.377869486716533,2.2697962342017024,6.1903533660046435,7.441320608718081
TYR,7.228106432446396,4.479462671144407,4.934125548953759,5.1769568586928445,0.030999741668819428,1.6584861792818393,3.849134590545079,4.644794626711444,4.458796176698527,2.2836476362696976,5.683285972616895,10.849909584086799,5.130457246189615,2.1028158098682512,5.078791010074916,4.489795918367347,0.0,0.051666236114699046,6.396280030999741,5.528287264272798,2.4799793335055544,6.313614053216224,7.150607078274347
VAL,6.721702727023748,4.3663680112680465,4.632419108728823,5.180171368206894,0.02347509683477444,1.47893110059079,3.50561446065965,4.202042333424625,4.749794592902696,1.7801948433037285,6.882115888728041,11.498884932900348,4.483743495441918,2.1401463281036035,5.2466841425720885,4.495481043859306,0.01956258069564537,0.05086270980867796,6.858640791893267,5.794436402050159,2.2575218122774756,5.414922336554638,8.216283892171056
